{
  "timestamp": "2026-03-27T12:36:59.200032",
  "results": {
    "batch_insert_20": 116.93383101373911,
    "simple_query_avg": 0.4387524910271168,
    "complex_query_avg": 0.6264484487473965
  }
}