{
  "timestamp": "2026-03-27T11:07:12.031249",
  "results": {
    "batch_insert_20": 206.04365831241012,
    "simple_query_avg": 0.3948274068534374,
    "complex_query_avg": 0.6595980376005173
  }
}