{
  "timestamp": "2026-03-27T11:43:59.640401",
  "results": {
    "batch_insert_20": 114.56492077559233,
    "simple_query_avg": 0.3934127278625965,
    "complex_query_avg": 0.4623275250196457
  }
}